﻿,제목,가격,강사,URL,카테고리,리뷰
0,[애플 공식 교재] iOS 앱 만들기 입문,"₩38,500",코더스하이,https://edu.goorm.io/lecture/23901/애플-공식-교재-ios-앱-만들기-입문,프로그래밍 - 모바일 프로그래밍,[]
1,파이썬으로 하는 데이터 분석 - Pandas 제대로 배우기,"₩36,000",아이티고,https://edu.goorm.io/lecture/23732/파이썬으로-하는-데이터-분석-pandas-제대로-배우기,프로그래밍 - 데이터 추출/분석,[]
2,[2020 NEW] 코틀린 기반 안드로이드 앱 개발 Part3 - 데이터 관리와 네트워크,"₩66,000",소프트캠퍼스,https://edu.goorm.io/lecture/23730/2020-new-코틀린-기반-안드로이드-앱-개발-part3-데이터-관리와-네트워크,프로그래밍 - 모바일 프로그래밍,[]
3,[2020 NEW] 코틀린 기반 안드로이드 앱 개발 Part2 - 메뉴와 4대 구성요소,"₩66,000",소프트캠퍼스,https://edu.goorm.io/lecture/23729/2020-new-코틀린-기반-안드로이드-앱-개발-part2-메뉴와-4대-구성요소,프로그래밍 - 모바일 프로그래밍,[]
4,파이썬 기반 판다스(Pandas)를 활용한 데이터 분석,"₩66,000",소프트캠퍼스,https://edu.goorm.io/lecture/23731/파이썬-기반-판다스-pandas-를-활용한-데이터-분석,프로그래밍 - 데이터 추출/분석,[]
5,한 눈에 끝내는 CSS/JS 애니메이션,"₩59,000",구름,https://edu.goorm.io/lecture/17509/한-눈에-끝내는-css-js-애니메이션,웹 프로그래밍 - 프로그래밍,[]
6,현직 개발자가 알려주는 안드로이드 코틀린 앱 제작,무료,홍드로이드,https://edu.goorm.io/lecture/23399/현직-개발자가-알려주는-안드로이드-코틀린-앱-제작,프로그래밍 - 모바일 프로그래밍,[]
7,현직 개발자가 알려주는 자바 기초 문법,무료,홍드로이드,https://edu.goorm.io/lecture/23398/현직-개발자가-알려주는-자바-기초-문법,프로그래밍 - 프로그래밍 기초,[]
8,실전 유형 코딩 테스트 모의고사 3000,"₩100,000",구름,https://edu.goorm.io/lecture/23503/실전-유형-코딩-테스트-모의고사-3000,프로그래밍 - 알고리즘,[]
9,파이썬으로 하는 데이터 분석 - 시각화 제대로 배우기,"₩40,000",아이티고,https://edu.goorm.io/lecture/23405/파이썬으로-하는-데이터-분석-시각화-제대로-배우기,프로그래밍 - 데이터 추출/분석,[]
10,[온라인 SW 아카데미] 너도 할 수 있어! AI 만들기,무료,세명컴퓨터고등학교장,https://edu.goorm.io/lecture/22325/온라인-sw-아카데미-너도-할-수-있어-ai-만들기,프로그래밍 - 인공지능,['감사합니다.']
11,[온라인 SW 아카데미] 컴린이도 화이트해커가 될 수 있다?!,무료,세명컴퓨터고등학교장,https://edu.goorm.io/lecture/22341/온라인-sw-아카데미-컴린이도-화이트해커가-될-수-있다,프로그래밍 - 보안,['꼭 입학 할겁니다']
12,[온라인 SW 아카데미] 유니티로 배우는 게임 프로그래밍 기초,무료,세명컴퓨터고등학교장,https://edu.goorm.io/lecture/22342/온라인-sw-아카데미-유니티로-배우는-게임-프로그래밍-기초,프로그래밍 - 게임 개발,['이해가 잘되는 강의입니다.']
13,[온라인 SW 아카데미] 스마트폰 센서 제어를 위한 앱(app) 개발,무료,세명컴퓨터고등학교장,https://edu.goorm.io/lecture/22344/온라인-sw-아카데미-스마트폰-센서-제어를-위한-앱-app-개발,프로그래밍 - 기타,['좋아요']
14,파이썬으로 배우는 알고리즘 기초,무료,주니온,https://edu.goorm.io/lecture/22654/파이썬으로-배우는-알고리즘-기초,프로그래밍 - 알고리즘,[]
15,"그림으로 배우는 HTML-CSS, 입문!","₩19,800",홍팍,https://edu.goorm.io/lecture/22109/그림으로-배우는-html-css-입문,웹 프로그래밍 - 프로그래밍,[]
16,비타알고와 정보올림피아드 준비하기 with 모의고사,"₩80,000",구름,https://edu.goorm.io/lecture/22442/비타알고와-정보올림피아드-준비하기-with-모의고사,프로그래밍 - 알고리즘,[]
17,따라하며 배우는 도커와 CI환경,"₩24,200",John Ahn,https://edu.goorm.io/lecture/22383/따라하며-배우는-도커와-ci환경,프로그래밍 - 데브옵스,[]
18,"그림으로 배우는 자바, 객체지향!","₩19,800",홍팍,https://edu.goorm.io/lecture/22108/그림으로-배우는-자바-객체지향,프로그래밍 - 프로그래밍 기초,[]
19,"그림으로 배우는 자바, 입문!","₩19,800",홍팍,https://edu.goorm.io/lecture/22087/그림으로-배우는-자바-입문,프로그래밍 - 프로그래밍 기초,[]
20,한 눈에 보는 타입스크립트,무료,영웅박,https://edu.goorm.io/lecture/22106/한-눈에-보는-타입스크립트,웹 프로그래밍 - 프로그래밍,[]
21,[애플 공식 교재] 스위프트 퍼즐 2,무료,코더스하이,https://edu.goorm.io/lecture/22013/애플-공식-교재-스위프트-퍼즐-2,프로그래밍 - 프로그래밍 기초,[]
22,[애플 공식 교재] 스위프트 퍼즐 1,무료,코더스하이,https://edu.goorm.io/lecture/21987/애플-공식-교재-스위프트-퍼즐-1,프로그래밍 - 프로그래밍 기초,[]
23,"코린아, 코딩하자! with 파이썬",무료,주니온,https://edu.goorm.io/lecture/21975/코린아-코딩하자-with-파이썬,프로그래밍 - 프로그래밍 기초,[]
24,무료 파이썬 활용편2 - GUI 프로그래밍,무료,나도코딩,https://edu.goorm.io/lecture/21780/무료-파이썬-활용편2-gui-프로그래밍,프로그래밍 - 프로그래밍 기초,[]
25,아두이노 시뮬레이터  - 팅커캐드 서킷,무료,메이커멘토,https://edu.goorm.io/lecture/21770/아두이노-시뮬레이터-팅커캐드-서킷,프로그래밍 - IoT,[]
26,안드로이드 앱 개발로 배우는 자바 코딩 기초,"₩19,000",Denis Jung,https://edu.goorm.io/lecture/21383/안드로이드-앱-개발로-배우는-자바-코딩-기초,프로그래밍 - 모바일 프로그래밍,[]
27,한 눈에 읽는 루비 온 레일즈,무료,구름,https://edu.goorm.io/lecture/16335/한-눈에-읽는-루비-온-레일즈,웹 프로그래밍 - 프로그래밍,[]
28,코돈의 7주 완성 기초 프로그래밍,"₩20,000",codon knumed,https://edu.goorm.io/lecture/16902/코돈의-7주-완성-기초-프로그래밍,프로그래밍 - 프로그래밍 기초,[]
29,동시에 배우는 C와 C++,무료,두들낙서,https://edu.goorm.io/lecture/21611/동시에-배우는-c와-c,프로그래밍 - 프로그래밍 기초,[]
30,이부일의 R릴레오 기초편,무료,이 부일,https://edu.goorm.io/lecture/21022/이부일의-r릴레오-기초편,프로그래밍 - 데이터 추출/분석,[]
31,[R] 머신러닝을 위한 통계학 기초,"₩44,550",코코,https://edu.goorm.io/lecture/21244/r-머신러닝을-위한-통계학-기초,프로그래밍 - 수학,[]
32,한큐에 끝내는 해커톤 입문_아두이노와 웹,"₩3,300",밍밍이와 맹맹이,https://edu.goorm.io/lecture/21118/한큐에-끝내는-해커톤-입문_아두이노와-웹,프로그래밍 - IoT,[]
33,코딩셰프의 Flutter 순한맛,무료,코딩셰프,https://edu.goorm.io/lecture/21167/코딩셰프의-flutter-순한맛,프로그래밍 - 모바일 프로그래밍,[]
34,안드로이드를 위한 자바 프로그래밍,"₩10,000",소프트캠퍼스,https://edu.goorm.io/lecture/21052/안드로이드를-위한-자바-프로그래밍,프로그래밍 - 모바일 프로그래밍,[]
35,컴퓨터 일반론,무료,MN만능아카데미,https://edu.goorm.io/lecture/13426/컴퓨터-일반론,프로그래밍 - 기타,[]
36,[저자 직강] Do it! 딥러닝 입문,무료,이지스퍼블리싱,https://edu.goorm.io/lecture/21177/저자-직강-do-it-딥러닝-입문,프로그래밍 - 인공지능,[]
37,무료 파이썬 활용편1 - 추억의 오락실 게임 만들기,무료,나도코딩,https://edu.goorm.io/lecture/21001/무료-파이썬-활용편1-추억의-오락실-게임-만들기,프로그래밍 - 게임 개발,[]
38,디스코드 자바스크립트 튜토리얼 - 이전버전,무료,제스퍼,https://edu.goorm.io/lecture/20853/디스코드-자바스크립트-튜토리얼-이전버전,웹 프로그래밍 - 프로그래밍,[]
39,[2020 NEW] 코틀린 기반 안드로이드 앱 개발 Part1 - Kotlin UI Programming,"₩66,000",소프트캠퍼스,https://edu.goorm.io/lecture/20669/2020-new-코틀린-기반-안드로이드-앱-개발-part1-kotlin-ui-programming,프로그래밍 - 모바일 프로그래밍,[]
40,모두를 위한 클라우드 컴퓨팅 입문,"₩28,000",김유경,https://edu.goorm.io/lecture/18575/모두를-위한-클라우드-컴퓨팅-입문,프로그래밍 - 데브옵스,[]
41,Google 공식 언어 Kotlin 프로그래밍 시작하기,"₩44,000",소프트캠퍼스,https://edu.goorm.io/lecture/20670/google-공식-언어-kotlin-프로그래밍-시작하기,프로그래밍 - 프로그래밍 기초,[]
42,김버그의 HTML&CSS는 재밌다,"₩90,000",김버그,https://edu.goorm.io/lecture/20583/김버그의-html-css는-재밌다,웹 프로그래밍 - 프로그래밍,[]
43,따라하며 배우는 데노(DENO),무료,John Ahn,https://edu.goorm.io/lecture/20663/따라하며-배우는-데노-deno,웹 프로그래밍 - 프로그래밍,[]
44,텐서플로2로 배우는 딥러닝,무료,Minsuk Heo,https://edu.goorm.io/lecture/20687/텐서플로2로-배우는-딥러닝,프로그래밍 - 인공지능,[]
45,딥러닝 이론 및 파이썬 실습,무료,Minsuk Heo,https://edu.goorm.io/lecture/20671/딥러닝-이론-및-파이썬-실습,프로그래밍 - 인공지능,[]
46,일본어로 배우는 Java 입문,"₩30,000",崔智恵,https://edu.goorm.io/lecture/20397/일본어로-배우는-java-입문,프로그래밍 - 프로그래밍 기초,[]
47,[번역판] CLEAN CODE JAVASCRIPT,무료,박명호,https://edu.goorm.io/lecture/20119/번역판-clean-code-javascript,웹 프로그래밍 - 프로그래밍,[]
48,한 눈에 끝내는 SQL,"₩99,000",구름,https://edu.goorm.io/lecture/15413/한-눈에-끝내는-sql,프로그래밍 - 데이터베이스,[]
49,[30분 요약 시리즈 시즌2] Python 활용편,무료,제주코딩베이스캠프,https://edu.goorm.io/lecture/20254/30분-요약-시리즈-시즌2-python-활용편,프로그래밍 - 데이터 추출/분석,[]
50,COS PRO 1급 기출문제 - Python,무료,두잉창의코딩,https://edu.goorm.io/lecture/17299/cos-pro-1급-기출문제-python,프로그래밍 - 프로그래밍 기초,['yeeeeeeeeeeeeeeeeeeeeeeeeeeeeeeeeeeeeeeeeeeeeeeeeeeeeeeeeeeeeeeeeeeeeeeeeeeeeeeeeeeeeeee']
51,COS PRO 1급 기출문제 - C++,무료,두잉창의코딩,https://edu.goorm.io/lecture/17300/cos-pro-1급-기출문제-c,프로그래밍 - 프로그래밍 기초,['오호홍 좋아요!']
52,COS PRO 1급 기출문제 - Java,무료,두잉창의코딩,https://edu.goorm.io/lecture/17301/cos-pro-1급-기출문제-java,프로그래밍 - 프로그래밍 기초,['시험보는 방식으로 공부할 수 있어 좋습니다']
53,COS PRO 1급 기출문제 - C언어,무료,두잉창의코딩,https://edu.goorm.io/lecture/17298/cos-pro-1급-기출문제-c언어,프로그래밍 - 프로그래밍 기초,['참 재미있었다']
54,프레임워크를 위한 JavaScript ES6,"₩49,000",강태공,https://edu.goorm.io/lecture/19879/프레임워크를-위한-javascript-es6,웹 프로그래밍 - 프로그래밍,[]
55,5일 만에 200만원 버는 웹과 앱 만들기,무료,조코딩,https://edu.goorm.io/lecture/20213/5일-만에-200만원-버는-웹과-앱-만들기,프로그래밍 - 모바일 프로그래밍,['좋은 강의를 들어서 감사했습니다.']
56,[따라하며 배우는 노드&리액트] 챗봇 사이트 만들기,무료,John Ahn,https://edu.goorm.io/lecture/20020/따라하며-배우는-노드-리액트-챗봇-사이트-만들기,웹 프로그래밍 - 프로그래밍,[]
57,친절한 통계학 feat. R,무료,Issac Lee,https://edu.goorm.io/lecture/20108/친절한-통계학-feat-r,프로그래밍 - 수학,[]
58,[따라하며 배우는 노드&리액트] 영화 사이트 만들기,무료,John Ahn,https://edu.goorm.io/lecture/20019/따라하며-배우는-노드-리액트-영화-사이트-만들기,웹 프로그래밍 - 프로그래밍,[]
59,파닥파닥 Flutter (빠르고 가볍게 Flutter 흔들기),무료,padak padak,https://edu.goorm.io/lecture/17450/파닥파닥-flutter-빠르고-가볍게-flutter-흔들기,프로그래밍 - 프로그래밍 기초,[]
60,무료 파이썬 기본편 - 6시간 뒤면 나도 개발자,무료,나도코딩,https://edu.goorm.io/lecture/19917/무료-파이썬-기본편-6시간-뒤면-나도-개발자,프로그래밍 - 프로그래밍 기초,[]
61,[무작정 풀스택] 플러터와 장고로 1시간 만에 퀴즈앱/서버 만들기,무료,권태형,https://edu.goorm.io/lecture/20021/무작정-풀스택-플러터와-장고로-1시간-만에-퀴즈앱-서버-만들기,프로그래밍 - 모바일 프로그래밍,[]
62,쉽게 만드는 라라벨 뷰 채팅,무료,코지 코더,https://edu.goorm.io/lecture/18959/쉽게-만드는-라라벨-뷰-채팅,웹 프로그래밍 - 프로그래밍,[]
63,Azure 가상 컴퓨터 - 초급,"₩10,000",클라우드메이트,https://edu.goorm.io/lecture/19762/azure-가상-컴퓨터-초급,프로그래밍 - 데브옵스,[]
64,한 눈에 읽는 자바 기초,무료,구름,https://edu.goorm.io/lecture/19448/한-눈에-읽는-자바-기초,프로그래밍 - 프로그래밍 기초,[]
65,[Pytorch] 쉽고 빠르게 배우는 NLP,"₩55,000",코코,https://edu.goorm.io/lecture/19637/pytorch-쉽고-빠르게-배우는-nlp,프로그래밍 - 인공지능,[]
66,"딥러닝 강좌할껀데, 실습만 합니다",무료,Yoseob Han,https://edu.goorm.io/lecture/19373/딥러닝-강좌할껀데-실습만-합니다,프로그래밍 - 인공지능,[]
67,[무작정 플러터] Flutter + Firebase 넷플릭스UI 클론 코딩,무료,권태형,https://edu.goorm.io/lecture/19172/무작정-플러터-flutter-firebase-넷플릭스ui-클론-코딩,프로그래밍 - 모바일 프로그래밍,[]
68,[스프링 시리즈2] 만들면서 배우는 Spring MVC 5,"₩88,000",소프트캠퍼스,https://edu.goorm.io/lecture/19341/스프링-시리즈2-만들면서-배우는-spring-mvc-5,웹 프로그래밍 - 프로그래밍,[]
69,쉽게 배우는 Vue.js 2 기초,무료,코지 코더,https://edu.goorm.io/lecture/18958/쉽게-배우는-vue-js-2-기초,웹 프로그래밍 - 프로그래밍,[]
70,홍드로이드의 수익창출 앱 개발,"₩55,000",홍드로이드,https://edu.goorm.io/lecture/18156/홍드로이드의-수익창출-앱-개발,프로그래밍 - 모바일 프로그래밍,[]
71,따라하면서 배우는 리눅스 고급,무료,_따라學IT따라하면서 배우는 IT,https://edu.goorm.io/lecture/18950/따라하면서-배우는-리눅스-고급,프로그래밍 - 데브옵스,[]
72,따라하면서 배우는 리눅스 기초,무료,_따라學IT따라하면서 배우는 IT,https://edu.goorm.io/lecture/18808/따라하면서-배우는-리눅스-기초,프로그래밍 - 데브옵스,[]
73,[R] KOSPI/KOSDAQ 전 종목 데이터 수집 및 관리,"₩55,000",코코,https://edu.goorm.io/lecture/19043/r-kospi-kosdaq-전-종목-데이터-수집-및-관리,프로그래밍 - 데이터 추출/분석,[]
74,MATLAB처럼 쓰는 PYTHON,무료,박범진,https://edu.goorm.io/lecture/19064/matlab처럼-쓰는-python,프로그래밍 - 프로그래밍 기초,[]
75,쉽게 배우는 라라벨 기초,무료,코지 코더,https://edu.goorm.io/lecture/18957/쉽게-배우는-라라벨-기초,웹 프로그래밍 - 프로그래밍,[]
76,[Pytorch] 쉽고 빠르게 배우는 GAN,"₩49,500",코코,https://edu.goorm.io/lecture/19030/pytorch-쉽고-빠르게-배우는-gan,프로그래밍 - 인공지능,[]
77,SELECT ALL FROM SQL,무료,박범진,https://edu.goorm.io/lecture/18815/select-all-from-sql,프로그래밍 - 데이터 추출/분석,[]
78,시선을 사로잡는 웹 - 초급,"₩69,300",DevelUP,https://edu.goorm.io/lecture/18923/시선을-사로잡는-웹-초급,웹 프로그래밍 - 프로그래밍,[]
79,시선을 사로잡는 웹 - 중급,"₩69,300",DevelUP,https://edu.goorm.io/lecture/17901/시선을-사로잡는-웹-중급,웹 프로그래밍 - 프로그래밍,[]
80,[AZ-900 Certificate] Azure Basic,"₩30,000",클라우드메이트,https://edu.goorm.io/lecture/18531/az-900-certificate-azure-basic,프로그래밍 - 데브옵스,[]
81,DataScience와 AI의 개념,"₩29,700",코코,https://edu.goorm.io/lecture/18477/datascience와-ai의-개념,프로그래밍 - 인공지능,[]
82,위클리 비타알고 시즌3 코딩테스트 체력 키우기,"₩200,000",안홍자,https://edu.goorm.io/lecture/18444/위클리-비타알고-시즌3-코딩테스트-체력-키우기,프로그래밍 - 알고리즘,[]
83,한 눈에 읽는 파이썬3 기초,무료,구름,https://edu.goorm.io/lecture/17902/한-눈에-읽는-파이썬3-기초,프로그래밍 - 프로그래밍 기초,[]
84,김버그의 CSS는 재밌다 - 기초부터 실무 레벨까지,"₩50,000",김버그,https://edu.goorm.io/lecture/17829/김버그의-css는-재밌다-기초부터-실무-레벨까지,웹 프로그래밍 - 프로그래밍,[]
85,[따라하며 배우는 노드&리액트] 유튜브 사이트 만들기,무료,John Ahn,https://edu.goorm.io/lecture/17853/따라하며-배우는-노드-리액트-유튜브-사이트-만들기,웹 프로그래밍 - 프로그래밍,[]
86,[Pytorch] 쉽고 빠르게 배우는 딥러닝,"₩82,500",코코,https://edu.goorm.io/lecture/17903/pytorch-쉽고-빠르게-배우는-딥러닝,프로그래밍 - 인공지능,[]
87,[백문이불여일타] 데이터 분석을 위한 중급 SQL,"₩44,000",YE H,https://edu.goorm.io/lecture/17832/백문이불여일타-데이터-분석을-위한-중급-sql,프로그래밍 - 데이터 추출/분석,[]
88,[따라하며 배우는 노드&리액트] Boiler-Plate 만들기,무료,John Ahn,https://edu.goorm.io/lecture/17855/따라하며-배우는-노드-리액트-boiler-plate-만들기,웹 프로그래밍 - 프로그래밍,[]
89,[백문이불여일타] 데이터 분석을 위한 기초 SQL,"₩22,000",leebomin,https://edu.goorm.io/lecture/17831/백문이불여일타-데이터-분석을-위한-기초-sql,프로그래밍 - 데이터 추출/분석,[]
90,R프로그래밍 기초 다지기,무료,코코,https://edu.goorm.io/lecture/17848/r프로그래밍-기초-다지기,프로그래밍 - 데이터 추출/분석,[]
91,나도 AWS에 서버 구축해보자🐶,무료,월리,https://edu.goorm.io/lecture/17834/나도-aws에-서버-구축해보자,프로그래밍 - 데브옵스,[]
92,COS PRO 2급 기출문제 - Python,무료,두잉창의코딩,https://edu.goorm.io/lecture/17033/cos-pro-2급-기출문제-python,프로그래밍 - 프로그래밍 기초,['ㅈㄴ좋다']
93,COS PRO 2급 기출문제 - Java,무료,두잉창의코딩,https://edu.goorm.io/lecture/17167/cos-pro-2급-기출문제-java,프로그래밍 - 프로그래밍 기초,['답을 맞게 작성해도 제출하면 오답이라고 나오네요...']
94,COS PRO 2급 기출문제 - C++,무료,두잉창의코딩,https://edu.goorm.io/lecture/17165/cos-pro-2급-기출문제-c,프로그래밍 - 프로그래밍 기초,['문제들이 간간히 정답을 제출해도 Fail이 뜬다.\n문제에 대한 재검토가 필요한듯 제공된 시스템에 대한 의구심이 든다.']
95,COS PRO 2급 기출문제 - C언어,무료,두잉창의코딩,https://edu.goorm.io/lecture/16921/cos-pro-2급-기출문제-c언어,프로그래밍 - 프로그래밍 기초,['훌륭하고 배울점이 많은 강좌였다']
96,[바로실습] 생활코딩 - JAVA 객체 지향 프로그래밍,무료,생활코딩,https://edu.goorm.io/lecture/16910/바로실습-생활코딩-java-객체-지향-프로그래밍,프로그래밍 - 프로그래밍 기초,[]
97,"가장 핫한 FE 라이브러리🔥, React 가지고 놀아보기",무료,주현도,https://edu.goorm.io/lecture/16422/가장-핫한-fe-라이브러리-react-가지고-놀아보기,웹 프로그래밍 - 프로그래밍,[]
98,영화 예매 사이트 만들기: 코딩편,무료,webstoryboy,https://edu.goorm.io/lecture/16943/영화-예매-사이트-만들기-코딩편,웹 프로그래밍 - 프로그래밍,[]
99,영화 예매 사이트 만들기: 디자인편,무료,webstoryboy,https://edu.goorm.io/lecture/16948/영화-예매-사이트-만들기-디자인편,웹 프로그래밍 - 프로그래밍,[]
100,빅데이터 제대로 배우기 - R 기초 문법과 데이터 전처리,"₩50,000",아이티고,https://edu.goorm.io/lecture/17133/빅데이터-제대로-배우기-r-기초-문법과-데이터-전처리,프로그래밍 - 데이터 추출/분석,[]
101,센치한 개발자의 swift: ios app 만들기,무료,센치한개발자,https://edu.goorm.io/lecture/15173/센치한-개발자의-swift-ios-app-만들기,프로그래밍 - 모바일 프로그래밍,[]
102,[바로실습] 생활코딩 - JAVA method,무료,생활코딩,https://edu.goorm.io/lecture/16909/바로실습-생활코딩-java-method,프로그래밍 - 프로그래밍 기초,[]
103,[바로실습] 생활코딩 - JAVA 제어문,무료,생활코딩,https://edu.goorm.io/lecture/16908/바로실습-생활코딩-java-제어문,프로그래밍 - 프로그래밍 기초,[]
104,[웹퍼블리싱 실습] 반응형 사이트 만들기,무료,webstoryboy,https://edu.goorm.io/lecture/16942/웹퍼블리싱-실습-반응형-사이트-만들기,웹 프로그래밍 - 프로그래밍,[]
105,[웹퍼블리싱 실습] 웹 표준 사이트 만들기,무료,webstoryboy,https://edu.goorm.io/lecture/16941/웹퍼블리싱-실습-웹-표준-사이트-만들기,웹 프로그래밍 - 프로그래밍,[]
106,김버그의 HTML은 재밌다 - 기초부터 실무 레벨까지,"₩50,000",김버그,https://edu.goorm.io/lecture/16396/김버그의-html은-재밌다-기초부터-실무-레벨까지,웹 프로그래밍 - 프로그래밍,[]
107,시선을 사로잡는 웹 - 초급 + 중급,"₩158,000",DevelUP,https://edu.goorm.io/lecture/16783/시선을-사로잡는-웹-초급-중급,웹 프로그래밍 - 프로그래밍,[]
108,한 눈에 끝내는 HTML5/CSS3,"₩99,000",구름,https://edu.goorm.io/lecture/16322/한-눈에-끝내는-html5-css3,웹 프로그래밍 - 프로그래밍,[]
109,초보자를 위한 장고 Django 뿌시기🔥,"₩49,000",장 성원,https://edu.goorm.io/lecture/16377/초보자를-위한-장고-django-뿌시기,웹 프로그래밍 - 프로그래밍,[]
110,Bootstrap을 활용한 반응형 웹페이지 만들기,"₩46,000",아이티고,https://edu.goorm.io/lecture/16303/bootstrap을-활용한-반응형-웹페이지-만들기,웹 프로그래밍 - 프로그래밍,[]
111,[바로실습] 생활코딩 - JAVA1,무료,생활코딩,https://edu.goorm.io/lecture/16448/바로실습-생활코딩-java1,프로그래밍 - 프로그래밍 기초,[]
112,[스프링 시리즈1] Spring Framework5 입문자를 위한 실습 지침서,"₩22,000",소프트캠퍼스,https://edu.goorm.io/lecture/16406/스프링-시리즈1-spring-framework5-입문자를-위한-실습-지침서,웹 프로그래밍 - 프로그래밍,[]
113,"2022 30분 요약 강좌 시즌 1 HTML, CSS, JS, Python, Bootstrap, Linux",무료,제주코딩베이스캠프,https://edu.goorm.io/lecture/16385/2022-30분-요약-강좌-시즌-1-html-css-js-python-bootstrap-linux,프로그래밍 - 프로그래밍 기초,['숨가뿌게 들으며 달려왔습니다~~\n좋은 강의 감사드려요~']
114,"React로 가기 위한 첫 걸음, Vanilla JS 기초","₩36,000",아이티고,https://edu.goorm.io/lecture/16304/react로-가기-위한-첫-걸음-vanilla-js-기초,웹 프로그래밍 - 프로그래밍,[]
115,하울의 안드로이드 인스타그램 앱 만들기,무료,하울의 코딩 채널,https://edu.goorm.io/lecture/16116/하울의-안드로이드-인스타그램-앱-만들기,프로그래밍 - 모바일 프로그래밍,[]
116,에센스만 담은 하울의 코틀린 안드로이드,"₩27,500",하울의 코딩 채널,https://edu.goorm.io/lecture/15335/에센스만-담은-하울의-코틀린-안드로이드,프로그래밍 - 모바일 프로그래밍,[]
117,코틀린으로 만드는 스프링부트,무료,최광성,https://edu.goorm.io/lecture/15881/코틀린으로-만드는-스프링부트,웹 프로그래밍 - 프로그래밍,[]
118,현직개발자가 알려주는 안드로이드 앱 개발,무료,홍드로이드,https://edu.goorm.io/lecture/15564/현직개발자가-알려주는-안드로이드-앱-개발,프로그래밍 - 모바일 프로그래밍,[]
119,위클리 비타알고 시즌2 처음 시작하는 코딩테스트,"₩200,000",안홍자,https://edu.goorm.io/lecture/15551/위클리-비타알고-시즌2-처음-시작하는-코딩테스트,프로그래밍 - 알고리즘,[]
120,웹 서비스 해킹을 위한 버프스위트 완벽 활용 가이드,무료,보안프로젝트,https://edu.goorm.io/lecture/15535/웹-서비스-해킹을-위한-버프스위트-완벽-활용-가이드,프로그래밍 - 보안,[]
121,Shiny 그리고 시각화 R Go! 하자!,무료,이수화,https://edu.goorm.io/lecture/15875/shiny-그리고-시각화-r-go-하자,프로그래밍 - 인공지능,[]
122,파이썬을 이용한 데이터분석과 IT보안,"₩132,000",보안프로젝트,https://edu.goorm.io/lecture/15574/파이썬을-이용한-데이터분석과-it보안,프로그래밍 - 데이터 추출/분석,[]
123,생활코딩 - Oracle Database,무료,생활코딩,https://edu.goorm.io/lecture/15550/생활코딩-oracle-database,프로그래밍 - 데이터베이스,[]
124,데이터 시각화와 차트분석 기법,무료,노마드 크리에이터 Nomad Creator,https://edu.goorm.io/lecture/15563/데이터-시각화와-차트분석-기법,프로그래밍 - 데이터 추출/분석,[]
125,웹 게임을 만들며 배우는 Vue,무료,조현영,https://edu.goorm.io/lecture/15523/웹-게임을-만들며-배우는-vue,웹 프로그래밍 - 프로그래밍,[]
126,파이썬 100분 핵심강의,"₩22,000",노마드 크리에이터 Nomad Creator,https://edu.goorm.io/lecture/15402/파이썬-100분-핵심강의,프로그래밍 - 프로그래밍 기초,[]
127,SwiftUI 개념 익히기,무료,Hohyeon Moon,https://edu.goorm.io/lecture/15378/swiftui-개념-익히기,프로그래밍 - 모바일 프로그래밍,[]
128,프리다(Frida)를 이용한 안드로이드 앱 모의해킹,"₩77,000",보안프로젝트,https://edu.goorm.io/lecture/15377/프리다-frida-를-이용한-안드로이드-앱-모의해킹,프로그래밍 - 보안,[]
129,누구나 쉽게 배우는 코딩 기초와 웹/앱 프로그래밍,무료,조코딩,https://edu.goorm.io/lecture/15287/누구나-쉽게-배우는-코딩-기초와-웹-앱-프로그래밍,프로그래밍 - 프로그래밍 기초,[]
130,[디지털 포렌식 시리즈1] 디지털 포렌식 (Digital Forensic) 전문가 과정,"₩198,000",보안프로젝트,https://edu.goorm.io/lecture/15341/디지털-포렌식-시리즈1-디지털-포렌식-digital-forensic-전문가-과정,프로그래밍 - 보안,[]
131,[디지털 포렌식 시리즈5] 챌린지로 알아보는 디지털포렌식(심화),"₩99,000",보안프로젝트,https://edu.goorm.io/lecture/15261/디지털-포렌식-시리즈5-챌린지로-알아보는-디지털포렌식-심화,프로그래밍 - 보안,[]
132,[디지털 포렌식 시리즈4] 챌린지로 알아보는 디지털포렌식(기초),"₩99,000",보안프로젝트,https://edu.goorm.io/lecture/15260/디지털-포렌식-시리즈4-챌린지로-알아보는-디지털포렌식-기초,프로그래밍 - 보안,[]
133,내 손으로 한땀한땀 만드는 풀스택 인스타클론 강의,"₩110,000",제주코딩베이스캠프,https://edu.goorm.io/lecture/13869/내-손으로-한땀한땀-만드는-풀스택-인스타클론-강의,웹 프로그래밍 - 프로그래밍,[]
134,파이썬 스쿨 - 파이썬 프로그래밍을 이용한 업무 자동화,"₩121,000",보안프로젝트,https://edu.goorm.io/lecture/15257/파이썬-스쿨-파이썬-프로그래밍을-이용한-업무-자동화,프로그래밍 - 데이터 추출/분석,[]
135,센치한 개발자의 안드로이드 스튜디오 기초,무료,센치한개발자,https://edu.goorm.io/lecture/15171/센치한-개발자의-안드로이드-스튜디오-기초,프로그래밍 - 모바일 프로그래밍,['잘듣고있습니다!']
136,센치한 개발자의 자바 기초,무료,센치한개발자,https://edu.goorm.io/lecture/15170/센치한-개발자의-자바-기초,프로그래밍 - 프로그래밍 기초,['딱 제가 찾던 강의네요 ^^']
137,파이썬으로 만드는 라즈베리 파이 사물인터넷(IoT)프로젝트 - 기본편,"₩33,000",노마드 크리에이터 Nomad Creator,https://edu.goorm.io/lecture/15186/파이썬으로-만드는-라즈베리-파이-사물인터넷-iot-프로젝트-기본편,프로그래밍 - IoT,[]
138,파이썬을 이용한 IT 해킹과 보안,"₩110,000",보안프로젝트,https://edu.goorm.io/lecture/15149/파이썬을-이용한-it-해킹과-보안,프로그래밍 - 보안,[]
139,IT보안을 위한 와이어샤크 패킷 분석,무료,보안프로젝트,https://edu.goorm.io/lecture/15125/it보안을-위한-와이어샤크-패킷-분석,프로그래밍 - 보안,[]
140,해킹 대회를 위한 시스템 해킹 프로토스타 완벽 풀이집,"₩99,000",보안프로젝트,https://edu.goorm.io/lecture/15126/해킹-대회를-위한-시스템-해킹-프로토스타-완벽-풀이집,프로그래밍 - 보안,[]
141,2019 온라인 코딩 파티 시즌1 - 텍스트 코딩 용사가 되자!!!,무료,구름,https://edu.goorm.io/lecture/15047/2019-온라인-코딩-파티-시즌1-텍스트-코딩-용사가-되자,프로그래밍 - 프로그래밍 기초,['굿']
142,SVG 마스터,"₩27,500",1분코딩,https://edu.goorm.io/lecture/14971/svg-마스터,웹 프로그래밍 - 프로그래밍,[]
143,"부담 없이 쉽고 편하게, 자바스크립트 기초 정리!",무료,1분코딩,https://edu.goorm.io/lecture/14938/부담-없이-쉽고-편하게-자바스크립트-기초-정리,웹 프로그래밍 - 프로그래밍,['자바스크립트 배우면서 막막했는데 선생님 강의 듣고 많은 도움이 됐습니다! 기초를 다지기 너무 좋은 강의에요']
144,보안 전문가를 위한 파워쉘,"₩110,000",보안프로젝트,https://edu.goorm.io/lecture/14982/보안-전문가를-위한-파워쉘,프로그래밍 - 보안,[]
145,생활코딩 - WEB7: Login with Facebook On Passport(Facebook Login),무료,생활코딩,https://edu.goorm.io/lecture/14674/생활코딩-web7-login-with-facebook-on-passport-facebook-login,웹 프로그래밍 - 프로그래밍,[]
146,생활코딩 - WEB7: Login with Google On Passport (Google Login),무료,생활코딩,https://edu.goorm.io/lecture/14675/생활코딩-web7-login-with-google-on-passport-google-login,웹 프로그래밍 - 프로그래밍,[]
147,처음 시작하는 Vue.js 웹프로그래밍,"₩27,500",소프트캠퍼스,https://edu.goorm.io/lecture/14816/처음-시작하는-vue-js-웹프로그래밍,웹 프로그래밍 - 프로그래밍,[]
148,생활코딩 - WEB6: Multi User on Passport (다중 사용자),무료,생활코딩,https://edu.goorm.io/lecture/14644/생활코딩-web6-multi-user-on-passport-다중-사용자,웹 프로그래밍 - 프로그래밍,[]
149,생활코딩 - WEB5: Express Passport.js,무료,생활코딩,https://edu.goorm.io/lecture/14643/생활코딩-web5-express-passport-js,웹 프로그래밍 - 프로그래밍,[]
150,생활코딩 - WEB4: Express Session & Auth (세션과 인증),무료,생활코딩,https://edu.goorm.io/lecture/14642/생활코딩-web4-express-session-and-auth-세션과-인증,웹 프로그래밍 - 프로그래밍,[]
151,인공지능 R GO! 하자!,무료,이수화,https://edu.goorm.io/lecture/14631/인공지능-r-go-하자,프로그래밍 - 인공지능,[]
152,생활코딩 - Node.js: 쿠키와 인증,무료,생활코딩,https://edu.goorm.io/lecture/14641/생활코딩-node-js-쿠키와-인증,웹 프로그래밍 - 프로그래밍,[]
153,생활코딩 - WEB3: Google Login,무료,생활코딩,https://edu.goorm.io/lecture/14634/생활코딩-web3-google-login,웹 프로그래밍 - 프로그래밍,[]
154,생활코딩 - WEB3: Facebook Login,무료,생활코딩,https://edu.goorm.io/lecture/14633/생활코딩-web3-facebook-login,웹 프로그래밍 - 프로그래밍,[]
155,생활코딩 - WEB3: Ajax,무료,생활코딩,https://edu.goorm.io/lecture/14632/생활코딩-web3-ajax,웹 프로그래밍 - 프로그래밍,[]
156,마인크래프트 게임을 활용한 파이썬 프로그래밍 완벽 이해,"₩55,000",보안프로젝트,https://edu.goorm.io/lecture/13439/마인크래프트-게임을-활용한-파이썬-프로그래밍-완벽-이해,프로그래밍 - 프로그래밍 기초,[]
157,웹 게임을 만들며 배우는 React(리액트),무료,조현영,https://edu.goorm.io/lecture/14562/웹-게임을-만들며-배우는-react-리액트,웹 프로그래밍 - 프로그래밍,['원리를 설명잘해주십니다 ㅎㅎ ']
158,프로젝트를 통해 배우는 파이썬 프로그래밍,무료,노마드 크리에이터 Nomad Creator,https://edu.goorm.io/lecture/14588/프로젝트를-통해-배우는-파이썬-프로그래밍,프로그래밍 - 프로그래밍 기초,['Good']
159,악성코드분석 중급과정 (유형별분석),"₩132,000",보안프로젝트,https://edu.goorm.io/lecture/14297/악성코드분석-중급과정-유형별분석,프로그래밍 - 보안,[]
160,윈도우 악성코드(malware) 분석 입문 과정,"₩143,000",보안프로젝트,https://edu.goorm.io/lecture/14068/윈도우-악성코드-malware-분석-입문-과정,프로그래밍 - 보안,[]
161,메타스플로잇 활용 및 취약점 분석(고급과정),"₩110,000",보안프로젝트,https://edu.goorm.io/lecture/13437/메타스플로잇-활용-및-취약점-분석-고급과정,프로그래밍 - 보안,[]
162,생활코딩 - 관계형 데이터 모델링,무료,생활코딩,https://edu.goorm.io/lecture/14442/생활코딩-관계형-데이터-모델링,프로그래밍 - 데이터베이스,[]
163,메타스플로잇 활용 및 분석 완벽 가이드 (초중급),"₩88,000",보안프로젝트,https://edu.goorm.io/lecture/14369/메타스플로잇-활용-및-분석-완벽-가이드-초중급,프로그래밍 - 보안,[]
164,생활코딩 - SQL JOIN,무료,생활코딩,https://edu.goorm.io/lecture/14441/생활코딩-sql-join,프로그래밍 - 데이터베이스,[]
165,악성코드 분석을 위한 메모리 포렌식 (Memory Forensic),"₩88,000",보안프로젝트,https://edu.goorm.io/lecture/14550/악성코드-분석을-위한-메모리-포렌식-memory-forensic,프로그래밍 - 보안,[]
166,[바로실습] 생활코딩 - JavaScript Immutability,무료,생활코딩,https://edu.goorm.io/lecture/14439/바로실습-생활코딩-javascript-immutability,웹 프로그래밍 - 프로그래밍,[]
167,생활코딩 - Redux,무료,생활코딩,https://edu.goorm.io/lecture/14440/생활코딩-redux,웹 프로그래밍 - 프로그래밍,[]
168,처음 만난 AWS,무료,소플,https://edu.goorm.io/lecture/12945/처음-만난-aws,프로그래밍 - 데브옵스,[]
169,처음 만난 React(리액트),무료,소플,https://edu.goorm.io/lecture/12976/처음-만난-react-리액트,웹 프로그래밍 - 프로그래밍,[]
170,안드로이드 모바일 앱 모의해킹과 시큐어코딩,"₩132,000",보안프로젝트,https://edu.goorm.io/lecture/13435/안드로이드-모바일-앱-모의해킹과-시큐어코딩,프로그래밍 - 보안,[]
171,Node.js 서버 프로그래밍 과정,"₩22,000",소프트캠퍼스,https://edu.goorm.io/lecture/13564/node-js-서버-프로그래밍-과정,웹 프로그래밍 - 프로그래밍,[]
172,Oracle Database 11g PL/SQL Developer,"₩16,500",소프트캠퍼스,https://edu.goorm.io/lecture/13563/oracle-database-11g-pl-sql-developer,프로그래밍 - 데이터베이스,[]
173,윈도우즈 애플리케이션 취약점 분석 입문부터 활용까지,"₩132,000",보안프로젝트,https://edu.goorm.io/lecture/13436/윈도우즈-애플리케이션-취약점-분석-입문부터-활용까지,프로그래밍 - 보안,[]
174,Mobile App UI/UX/GUI Design Tutorials (모바일 앱 UX/UI/GUI 디자인 실무),"₩22,000",소프트캠퍼스,https://edu.goorm.io/lecture/13429/mobile-app-ui-ux-gui-design-tutorials-모바일-앱-ux-ui-gui-디자인-실무,프로그래밍 - 모바일 프로그래밍,[]
175,네트워크 패킷 분석 입문 및 악성코드 샘플 분석,"₩132,000",보안프로젝트,https://edu.goorm.io/lecture/13438/네트워크-패킷-분석-입문-및-악성코드-샘플-분석,프로그래밍 - 보안,[]
176,안드로이드 + 파이어베이스 SNS앱 만들기,무료,Bored Developer,https://edu.goorm.io/lecture/13523/안드로이드-파이어베이스-sns앱-만들기,프로그래밍 - 모바일 프로그래밍,[]
177,HTML5와 웹표준 제대로 배우기,"₩30,000",아이티고,https://edu.goorm.io/lecture/13350/html5와-웹표준-제대로-배우기,웹 프로그래밍 - 프로그래밍,[]
178,실무 웹 제작 강의노트,"₩52,000",아이티고,https://edu.goorm.io/lecture/13343/실무-웹-제작-강의노트,웹 프로그래밍 - 프로그래밍,[]
179,비박스를 활용한 웹 모의해킹 완벽 실습,"₩132,000",보안프로젝트,https://edu.goorm.io/lecture/13272/비박스를-활용한-웹-모의해킹-완벽-실습,프로그래밍 - 보안,[]
180,HTML5 Canvas 2D 제대로 배우기,"₩20,000",아이티고,https://edu.goorm.io/lecture/13337/html5-canvas-2d-제대로-배우기,웹 프로그래밍 - 프로그래밍,[]
181,Wix(윅스)로 간단하게 홈페이지 만들기,"₩18,000",아이티고,https://edu.goorm.io/lecture/13342/wix-윅스-로-간단하게-홈페이지-만들기,프로그래밍 - 기타,[]
182,오픈 소스 도구를 활용한 웹 해킹 및 스노트 분석 - 침해대응,"₩99,000",보안프로젝트,https://edu.goorm.io/lecture/13273/오픈-소스-도구를-활용한-웹-해킹-및-스노트-분석-침해대응,프로그래밍 - 보안,[]
183,유니티3D 실전 게임 개발 프로젝트 - 디펜스게임,"₩36,300",소프트캠퍼스,https://edu.goorm.io/lecture/13356/유니티3d-실전-게임-개발-프로젝트-디펜스게임,프로그래밍 - 게임 개발,[]
184,유니티3D 실전 게임 개발 프로젝트 - 클리커게임,"₩16,500",소프트캠퍼스,https://edu.goorm.io/lecture/13355/유니티3d-실전-게임-개발-프로젝트-클리커게임,프로그래밍 - 게임 개발,[]
185,처음 시작하는 HTML&HTML5 Tutorial,"₩16,500",소프트캠퍼스,https://edu.goorm.io/lecture/13354/처음-시작하는-html-html5-tutorial,웹 프로그래밍 - 프로그래밍,[]
186,처음 시작하는 jQuery Programming,"₩16,500",소프트캠퍼스,https://edu.goorm.io/lecture/13363/처음-시작하는-jquery-programming,웹 프로그래밍 - 프로그래밍,[]
187,처음 시작하는 파이썬,"₩16,500",소프트캠퍼스,https://edu.goorm.io/lecture/13351/처음-시작하는-파이썬,프로그래밍 - 프로그래밍 기초,[]
188,처음 시작하는 MySQL DataBase,"₩16,500",소프트캠퍼스,https://edu.goorm.io/lecture/13353/처음-시작하는-mysql-database,프로그래밍 - 데이터베이스,[]
189,처음 시작하는 C언어,무료,소프트캠퍼스,https://edu.goorm.io/lecture/13352/처음-시작하는-c언어,프로그래밍 - 프로그래밍 기초,[]
190,처음 시작하는 JavaScript Programming,"₩16,500",소프트캠퍼스,https://edu.goorm.io/lecture/13334/처음-시작하는-javascript-programming,웹 프로그래밍 - 프로그래밍,[]
191,겜팔이의 안드로이드 세뇌교실: 인★그램 개발부터 배포까지,무료,겜팔이,https://edu.goorm.io/lecture/13313/겜팔이의-안드로이드-세뇌교실-인-그램-개발부터-배포까지,프로그래밍 - 모바일 프로그래밍,[]
192,2019 겜팔이의 노릇노릇 파이어베이스,무료,겜팔이,https://edu.goorm.io/lecture/13306/2019-겜팔이의-노릇노릇-파이어베이스,프로그래밍 - 모바일 프로그래밍,[]
193,완벽 파이썬 크롤링 A to Z 풀패키지 부트캠프,"₩99,000",잔재미코딩(Dave Lee),https://edu.goorm.io/lecture/13243/완벽-파이썬-크롤링-a-to-z-풀패키지-부트캠프,프로그래밍 - 데이터 추출/분석,[]
194,초보자를 위한 jQuery UI Pattern 제대로 배우기,"₩106,000",아이티고,https://edu.goorm.io/lecture/13256/초보자를-위한-jquery-ui-pattern-제대로-배우기,웹 프로그래밍 - 프로그래밍,[]
195,xlsxwriter 튜토리얼로 배우는 Python 엑셀 프로그래밍,"₩55,000",제주코딩베이스캠프,https://edu.goorm.io/lecture/13038/xlsxwriter-튜토리얼로-배우는-python-엑셀-프로그래밍,프로그래밍 - 데이터 추출/분석,[]
196,생활코딩 - WEB2: Python,무료,생활코딩,https://edu.goorm.io/lecture/13091/생활코딩-web2-python,웹 프로그래밍 - 프로그래밍,[]
197,생활코딩 - WEB3: PHP & MySQL,무료,생활코딩,https://edu.goorm.io/lecture/13086/생활코딩-web3-php-and-mysql,웹 프로그래밍 - 프로그래밍,[]
198,생활코딩 - WEB2: Node.js - MySQL,무료,생활코딩,https://edu.goorm.io/lecture/13087/생활코딩-web2-node-js-mysql,웹 프로그래밍 - 프로그래밍,[]
199,생활코딩 - WEB2: Home Server,무료,생활코딩,https://edu.goorm.io/lecture/13090/생활코딩-web2-home-server,웹 프로그래밍 - 프로그래밍,[]
200,생활코딩 - WEB2: DNS & HTTP,무료,생활코딩,https://edu.goorm.io/lecture/13089/생활코딩-web2-dns-and-http,웹 프로그래밍 - 프로그래밍,[]
201,생활코딩 - Source Tree로 Git 활용하기,무료,생활코딩,https://edu.goorm.io/lecture/13062/생활코딩-source-tree로-git-활용하기,프로그래밍 - 개발 도구,[]
202,생활코딩 - CodeIgniter,무료,생활코딩,https://edu.goorm.io/lecture/13064/생활코딩-codeigniter,웹 프로그래밍 - 프로그래밍,[]
203,제코베 Code Festival: Python 100제,"₩55,000",제주코딩베이스캠프,https://edu.goorm.io/lecture/12206/제코베-code-festival-python-100제,프로그래밍 - 알고리즘,[]
204,Java 기반 Android 9.0 Pie App 개발 고급,"₩27,500",소프트캠퍼스,https://edu.goorm.io/lecture/13200/java-기반-android-9-0-pie-app-개발-고급,프로그래밍 - 모바일 프로그래밍,[]
205,처음 시작하는 CSS&CSS3 Tutorial,"₩11,000",소프트캠퍼스,https://edu.goorm.io/lecture/13207/처음-시작하는-css-css3-tutorial,웹 프로그래밍 - 프로그래밍,[]
206,[바로실습] 생활코딩 - WEB2: PHP,무료,생활코딩,https://edu.goorm.io/lecture/13048/바로실습-생활코딩-web2-php,웹 프로그래밍 - 프로그래밍,[]
207,생활코딩 - WEB2: OAuth 2.0,무료,생활코딩,https://edu.goorm.io/lecture/13047/생활코딩-web2-oauth-2-0,웹 프로그래밍 - 프로그래밍,[]
208,[바로실습] 생활코딩 - WEB2: CSS,무료,생활코딩,https://edu.goorm.io/lecture/13045/바로실습-생활코딩-web2-css,웹 프로그래밍 - 프로그래밍,[]
209,한 눈에 끝내는 자바 기초,"₩99,000",구름,https://edu.goorm.io/lecture/12243/한-눈에-끝내는-자바-기초,프로그래밍 - 프로그래밍 기초,[]
210,Java 기반 Android 9.0 Pie App 개발 심화,"₩27,500",소프트캠퍼스,https://edu.goorm.io/lecture/13112/java-기반-android-9-0-pie-app-개발-심화,프로그래밍 - 모바일 프로그래밍,[]
211,Java 기반 Android 9.0 Pie App 개발 기본,"₩27,500",소프트캠퍼스,https://edu.goorm.io/lecture/13082/java-기반-android-9-0-pie-app-개발-기본,프로그래밍 - 모바일 프로그래밍,[]
212,다시 풀어보는 2019 정보올림피아드 1차 대회 기출문제,무료,구름,https://edu.goorm.io/lecture/13095/다시-풀어보는-2019-정보올림피아드-1차-대회-기출문제,프로그래밍 - 알고리즘,['직접 풀어볼 수 있어서 좋아요']
213,생활코딩 - Atom Editor,무료,생활코딩,https://edu.goorm.io/lecture/13044/생활코딩-atom-editor,프로그래밍 - 개발 도구,[]
214,생활코딩 - WEB2: Node.js,무료,생활코딩,https://edu.goorm.io/lecture/13049/생활코딩-web2-node-js,웹 프로그래밍 - 프로그래밍,[]
215,생활코딩 - WEB1: HTML & Internet,무료,생활코딩,https://edu.goorm.io/lecture/12959/생활코딩-web1-html-and-internet,웹 프로그래밍 - 프로그래밍,[]
216,생활코딩 - WEB2: JavaScript,무료,생활코딩,https://edu.goorm.io/lecture/12906/생활코딩-web2-javascript,웹 프로그래밍 - 프로그래밍,[]
217,Bootstrap 4 & 3 Framework Tutorial,"₩22,000",소프트캠퍼스,https://edu.goorm.io/lecture/13039/bootstrap-4-3-framework-tutorial,웹 프로그래밍 - 프로그래밍,[]
218,Vue.js로 시작하는 SPA 개발,무료,계성혁,https://edu.goorm.io/lecture/13020/vue-js로-시작하는-spa-개발,웹 프로그래밍 - 프로그래밍,[]
219,대회 문제 풀이로 이해하는 디스크 포렌식 분석,"₩77,000",보안프로젝트,https://edu.goorm.io/lecture/13018/대회-문제-풀이로-이해하는-디스크-포렌식-분석,프로그래밍 - 보안,[]
220,Start Google Angular.js,"₩22,000",소프트캠퍼스,https://edu.goorm.io/lecture/13019/start-google-angular-js,웹 프로그래밍 - 프로그래밍,[]
221,생활코딩 - 리액트 (React),무료,생활코딩,https://edu.goorm.io/lecture/12949/생활코딩-리액트-react,웹 프로그래밍 - 프로그래밍,[]
222,생활코딩 - 리눅스(Linux),무료,생활코딩,https://edu.goorm.io/lecture/12984/생활코딩-리눅스-linux,프로그래밍 - 데브옵스,[]
223,생활코딩 - 크롬 개발자도구,무료,생활코딩,https://edu.goorm.io/lecture/12983/생활코딩-크롬-개발자도구,프로그래밍 - 개발 도구,[]
224,"생활코딩 - 네트워크 개념 잡기 (도메인, 네임서버, HTTPS)",무료,생활코딩,https://edu.goorm.io/lecture/12973/생활코딩-네트워크-개념-잡기-도메인-네임서버-https,프로그래밍 - 기타,[]
225,생활코딩 - 정규표현식,무료,생활코딩,https://edu.goorm.io/lecture/12972/생활코딩-정규표현식,웹 프로그래밍 - 프로그래밍,[]
226,생활코딩 - 지옥에서 온 Git,무료,생활코딩,https://edu.goorm.io/lecture/12948/생활코딩-지옥에서-온-git,프로그래밍 - 개발 도구,[]
227,MongoDB(몽고) 기초 다지기,"₩20,000",아이티고,https://edu.goorm.io/lecture/12879/mongodb-몽고-기초-다지기,프로그래밍 - 데이터베이스,[]
228,생활코딩 - 아마존 웹 서비스 (AWS),무료,생활코딩,https://edu.goorm.io/lecture/12947/생활코딩-아마존-웹-서비스-aws,프로그래밍 - 데브옵스,[]
229,[저자 직강 바로 실행] Do it! 웹 프로그래밍을 위한 자바스크립트 기본 편,무료,이지스퍼블리싱,https://edu.goorm.io/lecture/12915/저자-직강-바로-실행-do-it-웹-프로그래밍을-위한-자바스크립트-기본-편,웹 프로그래밍 - 프로그래밍,[]
230,[디지털 포렌식 시리즈3] 디지털 포렌식 전문가 2급 실기 과정 (Digital Forensic 자격증 최신 과정),"₩99,000",보안프로젝트,https://edu.goorm.io/lecture/12923/디지털-포렌식-시리즈3-디지털-포렌식-전문가-2급-실기-과정-digital-forensic-자격증-최신-과정,프로그래밍 - 보안,[]
231,[디지털 포렌식 시리즈2] 디지털 포렌식 분석 자격증 2급 필기 대비,"₩110,000",보안프로젝트,https://edu.goorm.io/lecture/12922/디지털-포렌식-시리즈2-디지털-포렌식-분석-자격증-2급-필기-대비,프로그래밍 - 보안,[]
232,레나(Lena)를 활용한 윈도우 리버싱 완벽 이해,"₩165,000",보안프로젝트,https://edu.goorm.io/lecture/12847/레나-lena-를-활용한-윈도우-리버싱-완벽-이해,프로그래밍 - 보안,[]
233,[저자 직강] Do it! Node.js 프로그래밍,무료,이지스퍼블리싱,https://edu.goorm.io/lecture/12534/저자-직강-do-it-node-js-프로그래밍,웹 프로그래밍 - 프로그래밍,[]
234,[저자 직강 바로 실행] Do it! 자바스크립트 + 제이쿼리 입문,무료,이지스퍼블리싱,https://edu.goorm.io/lecture/12563/저자-직강-바로-실행-do-it-자바스크립트-제이쿼리-입문,웹 프로그래밍 - 프로그래밍,[]
235,[저자 직강 바로 실행] Do it! HTML5 + CSS3 웹 표준의 정석,무료,이지스퍼블리싱,https://edu.goorm.io/lecture/12565/저자-직강-바로-실행-do-it-html5-css3-웹-표준의-정석,웹 프로그래밍 - 프로그래밍,[]
236,[저자 직강 바로 실행] Do it! 프런트엔드 웹 디자인 입문,무료,이지스퍼블리싱,https://edu.goorm.io/lecture/12583/저자-직강-바로-실행-do-it-프런트엔드-웹-디자인-입문,웹 프로그래밍 - 프로그래밍,[]
237,[연재] 스크래치 3.0 완전정복,무료,박동호,https://edu.goorm.io/lecture/12178/연재-스크래치-3-0-완전정복,프로그래밍 - 블록 프로그래밍,[]
238,게임으로 배우는 JavaScript,무료,노마드 크리에이터 Nomad Creator,https://edu.goorm.io/lecture/12256/게임으로-배우는-javascript,웹 프로그래밍 - 프로그래밍,[]
239,스크래치 코딩으로 배우는 수학의 개념과 원리,무료,노마드 크리에이터 Nomad Creator,https://edu.goorm.io/lecture/12267/스크래치-코딩으로-배우는-수학의-개념과-원리,프로그래밍 - 수학,[]
240,무작정 시작하는 안드로이드 개발,무료,노마드 크리에이터 Nomad Creator,https://edu.goorm.io/lecture/12250/무작정-시작하는-안드로이드-개발,프로그래밍 - 모바일 프로그래밍,[]
241,아두이노를 이용한 기상정보 수집과 빅데이터 분석,무료,노마드 크리에이터 Nomad Creator,https://edu.goorm.io/lecture/12249/아두이노를-이용한-기상정보-수집과-빅데이터-분석,프로그래밍 - 데이터 추출/분석,[]
242,React와 Node.js를 활용한 고객 관리 시스템 개발,무료,나동빈,https://edu.goorm.io/lecture/11817/react와-node-js를-활용한-고객-관리-시스템-개발,웹 프로그래밍 - 프로그래밍,[]
243,"Flutter 입문 - 안드로이드, iOS 개발을 한 번에","₩33,000",오준석,https://edu.goorm.io/lecture/11572/flutter-입문-안드로이드-ios-개발을-한-번에,프로그래밍 - 모바일 프로그래밍,[]
244,위클리 비타알고 시즌1 코딩테스트 초급부터 중급까지,"₩200,000",구름,https://edu.goorm.io/lecture/11220/위클리-비타알고-시즌1-코딩테스트-초급부터-중급까지,프로그래밍 - 알고리즘,[]
245,레트로의 유니티 C# 프로그래밍 에센스,"₩88,000",I_Jemin,https://edu.goorm.io/lecture/11204/레트로의-유니티-c-프로그래밍-에센스,프로그래밍 - 게임 개발,[]
246,Git으로 시작하는 협업 및 오픈소스 프로젝트,무료,나동빈,https://edu.goorm.io/lecture/11528/git으로-시작하는-협업-및-오픈소스-프로젝트,프로그래밍 - 개발 도구,['최고..!']
247,자바로 이해하는 블록체인 이론과 실습,무료,나동빈,https://edu.goorm.io/lecture/11527/자바로-이해하는-블록체인-이론과-실습,프로그래밍 - 보안,['이해가 잘 되고있어요']
248,모의 해킹으로 배우는 ARP 스푸핑 해킹 기법,무료,나동빈,https://edu.goorm.io/lecture/11409/모의-해킹으로-배우는-arp-스푸핑-해킹-기법,프로그래밍 - 보안,[]
249,안경잡이개발자가 알려주는 텐서플로우&머신러닝,무료,나동빈,https://edu.goorm.io/lecture/11408/안경잡이개발자가-알려주는-텐서플로우and머신러닝,프로그래밍 - 인공지능,[]
250,김왼손의 파이썬 예제 뽀개기,무료,김왼손의 왼손코딩,https://edu.goorm.io/lecture/11205/김왼손의-파이썬-예제-뽀개기,프로그래밍 - 프로그래밍 기초,[]
251,이것이 PL/SQL 이다!,"₩13,200",David Justin,https://edu.goorm.io/lecture/11000/이것이-pl-sql-이다,프로그래밍 - 데이터베이스,[]
252,[2018 디지털스쿨백팩] SW 아이디어 콘서트 수상작/출품작 갤러리,무료,구름,https://edu.goorm.io/lecture/10682/2018-디지털스쿨백팩-sw-아이디어-콘서트-수상작-출품작-갤러리,프로그래밍 - 프로그래밍 교양,[]
253,코알못에서 웹서비스 런칭까지: 온라인 제주 코딩 베이스캠프,"₩99,000",제주코딩베이스캠프,https://edu.goorm.io/lecture/10983/코알못에서-웹서비스-런칭까지-온라인-제주-코딩-베이스캠프,웹 프로그래밍 - 프로그래밍,[]
254,안경잡이개발자가 알려주는 자바 기초 프로그래밍,무료,나동빈,https://edu.goorm.io/lecture/10727/안경잡이개발자가-알려주는-자바-기초-프로그래밍,프로그래밍 - 프로그래밍 기초,['듣기 좋습니다.']
255,웹 게임을 만들며 배우는 JavaScript(자바스크립트),무료,조현영,https://edu.goorm.io/lecture/10954/웹-게임을-만들며-배우는-javascript-자바스크립트,웹 프로그래밍 - 프로그래밍,[]
256,생활코딩 - DATABASE2: lowdb,무료,생활코딩,https://edu.goorm.io/lecture/10846/생활코딩-database2-lowdb,프로그래밍 - 데이터베이스,[]
257,생활코딩 - DATABASE2: MySQL,무료,생활코딩,https://edu.goorm.io/lecture/10845/생활코딩-database2-mysql,프로그래밍 - 데이터베이스,[]
258,[2018 우수활용사례 수상작] 교과서와 함께 배우는 컴퓨팅 사고력,무료,김규섭,https://edu.goorm.io/lecture/10681/2018-우수활용사례-수상작-교과서와-함께-배우는-컴퓨팅-사고력,프로그래밍 - 블록 프로그래밍,[]
259,생활코딩 - DATABASE1,무료,생활코딩,https://edu.goorm.io/lecture/10844/생활코딩-database1,프로그래밍 - 데이터베이스,[]
260,슬기로운 학교생활(코딩편),무료,윤남호,https://edu.goorm.io/lecture/10672/슬기로운-학교생활-코딩편,프로그래밍 - 블록 프로그래밍,[]
261,SW로 달리는 미래 자동차 만들기,무료,KIM KM,https://edu.goorm.io/lecture/10671/sw로-달리는-미래-자동차-만들기,프로그래밍 - 블록 프로그래밍,[]
262,안경잡이개발자가 알려주는 실전 알고리즘 강좌,무료,나동빈,https://edu.goorm.io/lecture/10710/안경잡이개발자가-알려주는-실전-알고리즘-강좌,프로그래밍 - 알고리즘,['정말 잘 듣고 있습니다 감사합니다 !!']
263,코딩으로 한. 수. 배우다!,무료,이대혁,https://edu.goorm.io/lecture/10673/코딩으로-한-수-배우다,프로그래밍 - 블록 프로그래밍,[]
264,안경잡이개발자가 알려주는 C언어 기초 프로그래밍,무료,나동빈,https://edu.goorm.io/lecture/10719/안경잡이개발자가-알려주는-c언어-기초-프로그래밍,프로그래밍 - 프로그래밍 기초,['좋아용']
265,실전 게임 개발로 배우는 언리얼 엔진 강의,무료,윤인성,https://edu.goorm.io/lecture/4484/실전-게임-개발로-배우는-언리얼-엔진-강의,프로그래밍 - 게임 개발,[]
266,[절대강좌! 유니티 2018] Zerodeg과 함께 공부해보기,무료,Zerodeg J,https://edu.goorm.io/lecture/10107/절대강좌-유니티-2018-zerodeg과-함께-공부해보기,프로그래밍 - 게임 개발,[]
267,[3D 유니티] 생존게임 만들기! - Advanced,"₩11,000",김으뜸,https://edu.goorm.io/lecture/9970/3d-유니티-생존게임-만들기-advanced,프로그래밍 - 게임 개발,[]
268,2018 온라인 코딩 파티 시즌2 - 텍스트 코딩 용사가 되자!!!,무료,구름,https://edu.goorm.io/lecture/6443/2018-온라인-코딩-파티-시즌2-텍스트-코딩-용사가-되자,프로그래밍 - 프로그래밍 기초,[]
269,[스낵코딩] 코딩술사,무료,ALUX,https://edu.goorm.io/lecture/6198/스낵코딩-코딩술사,프로그래밍 - 블록 프로그래밍,[]
270,[스낵코딩] 코딩더테이블,무료,ALUX,https://edu.goorm.io/lecture/5999/스낵코딩-코딩더테이블,프로그래밍 - 블록 프로그래밍,[]
271,한 눈에 끝내는 Node.js,무료,구름,https://edu.goorm.io/lecture/557/한-눈에-끝내는-node-js,웹 프로그래밍 - 프로그래밍,[]
272,한 눈에 끝내는 고랭 기초,무료,구름,https://edu.goorm.io/lecture/2010/한-눈에-끝내는-고랭-기초,프로그래밍 - 프로그래밍 기초,[]
273,[3D Unity] 생존게임 만들기! - Basic,무료,김으뜸,https://edu.goorm.io/lecture/5026/3d-unity-생존게임-만들기-basic,프로그래밍 - 게임 개발,['개좋음']
274,화이트해커가 되기 위한 8가지 웹 해킹 기술,무료,secuacademy,https://edu.goorm.io/lecture/4953/화이트해커가-되기-위한-8가지-웹-해킹-기술,프로그래밍 - 보안,[]
275,머신러닝 이론 및 파이썬 실습,무료,Minsuk Heo,https://edu.goorm.io/lecture/4012/머신러닝-이론-및-파이썬-실습,프로그래밍 - 인공지능,['이해하기 쉽게 알려주셔서 너무 좋습니다!']
276,"[2017 NIA SW교안 공유 공모전] C언어, 스크래치를 통해 알아보자",무료,윤제성,https://edu.goorm.io/lecture/1647/2017-nia-sw교안-공유-공모전-c언어-스크래치를-통해-알아보자,프로그래밍 - 프로그래밍 기초,[]
277,Git & GitHub 입문 by 코드스쿼드,무료,코드스쿼드,https://edu.goorm.io/lecture/4661/git-github-입문-by-코드스쿼드,프로그래밍 - 개발 도구,[]
278,헬로 코딩 쌩초보의 처음 프로그래밍 파이썬,무료,윤인성,https://edu.goorm.io/lecture/4112/헬로-코딩-쌩초보의-처음-프로그래밍-파이썬,프로그래밍 - 프로그래밍 기초,[]
279,구름IDE를 이용하여 초고속으로 개인 웹 사이트 만들기,무료,나동빈,https://edu.goorm.io/lecture/4543/구름ide를-이용하여-초고속으로-개인-웹-사이트-만들기,프로그래밍 - 개발 도구,[]
280,모던 자바스크립트 개발자를 위한 리액트 프로그래밍,무료,윤인성,https://edu.goorm.io/lecture/4113/모던-자바스크립트-개발자를-위한-리액트-프로그래밍,웹 프로그래밍 - 프로그래밍,['ㅇ']
281,파이콘 2018 영코더 with 바울랩,무료,이호준,https://edu.goorm.io/lecture/3990/파이콘-2018-영코더-with-바울랩,프로그래밍 - 프로그래밍 교양,['무한반복갑니다']
282,모던 웹을 위한 JavaScript + jQuery 입문,무료,윤인성,https://edu.goorm.io/lecture/4110/모던-웹을-위한-javascript-jquery-입문,웹 프로그래밍 - 프로그래밍,[]
283,개발자가 알려주는 코딩 인터뷰 정복하기,무료,Minsuk Heo,https://edu.goorm.io/lecture/4014/개발자가-알려주는-코딩-인터뷰-정복하기,프로그래밍 - 기타,[]
284,"ELK 스택(ElasticSearch, Logstash, Kibana)으로 데이터 분석",무료,Minsuk Heo,https://edu.goorm.io/lecture/4013/elk-스택-elasticsearch-logstash-kibana-으로-데이터-분석,프로그래밍 - 데이터 추출/분석,['.']
285,[바로실습] 생활코딩 - WEB3: 익스프레스(Express),무료,생활코딩,https://edu.goorm.io/lecture/3846/바로실습-생활코딩-web3-익스프레스-express,웹 프로그래밍 - 프로그래밍,[]
286,머신러닝/딥러닝 실전 입문,무료,윤인성,https://edu.goorm.io/lecture/4111/머신러닝-딥러닝-실전-입문,프로그래밍 - 인공지능,[]
287,[Pandas] 팬더스 데이터분석 기초 실습,무료,Minsuk Heo,https://edu.goorm.io/lecture/3999/pandas-팬더스-데이터분석-기초-실습,프로그래밍 - 데이터 추출/분석,['쉽게 잘 가르쳐주셔요']
288,한 눈에 끝내는 루비 기초,"₩39,000",구름,https://edu.goorm.io/lecture/2011/한-눈에-끝내는-루비-기초,프로그래밍 - 프로그래밍 기초,[]
289,유니티 강좌 [쯔꾸르풍 게임 제작하기],무료,김으뜸,https://edu.goorm.io/lecture/3991/유니티-강좌-쯔꾸르풍-게임-제작하기,프로그래밍 - 게임 개발,['유니티 첨듣는 사람한테 살짝 벅찬감이 잇을정도의 난이도라 스스로 찾으면서 공부하기에 좋네요. ']
290,모두를 위한 딥러닝 - Deep Reinforcement Learning,무료,Sung Kim,https://edu.goorm.io/lecture/3980/모두를-위한-딥러닝-deep-reinforcement-learning,프로그래밍 - 인공지능,[]
291,MATLAB으로 시작하는 프로그래밍,무료,박범진,https://edu.goorm.io/lecture/3977/matlab으로-시작하는-프로그래밍,프로그래밍 - 프로그래밍 기초,[]
292,모두를 위한 딥러닝 - 기본적인 머신러닝과 딥러닝,무료,Sung Kim,https://edu.goorm.io/lecture/3979/모두를-위한-딥러닝-기본적인-머신러닝과-딥러닝,프로그래밍 - 인공지능,[]
293,[ Ruby Coin ] Rails로 쉽고 빠른 웹사이트 만들기,무료,Karoid,https://edu.goorm.io/lecture/1928/ruby-coin-rails로-쉽고-빠른-웹사이트-만들기,웹 프로그래밍 - 프로그래밍,[]
294,[저자직강] Hello Coding 한입에 쏙 파이썬: 크리에이터 김왼손의 쉽고 빠른 파이썬 강의,무료,김왼손의 왼손코딩,https://edu.goorm.io/lecture/3856/저자직강-hello-coding-한입에-쏙-파이썬-크리에이터-김왼손의-쉽고-빠른-파이썬-강의,프로그래밍 - 프로그래밍 기초,[]
295,정보처리산업기사 기출문제,무료,구름,https://edu.goorm.io/lecture/3755/정보처리산업기사-기출문제,프로그래밍 - 기타,['예전에 공부했던걸 더듬어가며 풀어봤는데 역시나 과락했네요\n기출문제지만 온라인에서 쉽게 풀어보고 점수까지 확인해주니 좋아요']
296,다시 풀어보는 2016/2017 정보올림피아드 지역 대회 초등부 기출 문제,무료,구름,https://edu.goorm.io/lecture/3746/다시-풀어보는-2016-2017-정보올림피아드-지역-대회-초등부-기출-문제,프로그래밍 - 알고리즘,[]
297,다시 풀어보는 2016/2017 정보올림피아드 지역 대회 중등부 기출 문제,무료,구름,https://edu.goorm.io/lecture/3745/다시-풀어보는-2016-2017-정보올림피아드-지역-대회-중등부-기출-문제,프로그래밍 - 알고리즘,[]
298,다시 풀어보는 2016/2017 정보올림피아드 지역 대회 고등부 기출 문제,무료,구름,https://edu.goorm.io/lecture/3744/다시-풀어보는-2016-2017-정보올림피아드-지역-대회-고등부-기출-문제,프로그래밍 - 알고리즘,[]
299,IOS Firebase 강의,무료,하울의 코딩 채널,https://edu.goorm.io/lecture/3530/ios-firebase-강의,프로그래밍 - 모바일 프로그래밍,[]
300,안드로이드 Firebase 강의,무료,하울의 코딩 채널,https://edu.goorm.io/lecture/3528/안드로이드-firebase-강의,프로그래밍 - 모바일 프로그래밍,[]
301,Node.js Firebase - Function,무료,하울의 코딩 채널,https://edu.goorm.io/lecture/3570/node-js-firebase-function,프로그래밍 - 모바일 프로그래밍,[]
302,[바로실습] 생활코딩 - 자바스크립트(Javascript),무료,생활코딩,https://edu.goorm.io/lecture/2229/바로실습-생활코딩-자바스크립트-javascript,프로그래밍 - 프로그래밍 기초,[]
303,김왼손의 유기농냠냠파이썬,무료,김왼손의 왼손코딩,https://edu.goorm.io/lecture/3524/김왼손의-유기농냠냠파이썬,프로그래밍 - 프로그래밍 기초,[]
304,HowlTalk - Android (Firebase),무료,하울의 코딩 채널,https://edu.goorm.io/lecture/3533/howltalk-android-firebase,프로그래밍 - 모바일 프로그래밍,[]
305,HowlTalk - IOS(Firebase),무료,하울의 코딩 채널,https://edu.goorm.io/lecture/3532/howltalk-ios-firebase,프로그래밍 - 모바일 프로그래밍,[]
306,Node.js 서버 개발,무료,하울의 코딩 채널,https://edu.goorm.io/lecture/3534/node-js-서버-개발,프로그래밍 - 모바일 프로그래밍,[]
307,안드로이드 앱 개발 강의 - 기초편,무료,하울의 코딩 채널,https://edu.goorm.io/lecture/3523/안드로이드-앱-개발-강의-기초편,프로그래밍 - 모바일 프로그래밍,[]
308,Swift3 아이폰 앱 강의-초보,무료,하울의 코딩 채널,https://edu.goorm.io/lecture/3527/swift3-아이폰-앱-강의-초보,프로그래밍 - 모바일 프로그래밍,[]
309,C 프로그래밍 - 입문에서 게임 개발까지,무료,나도코딩,https://edu.goorm.io/lecture/1972/c-프로그래밍-입문에서-게임-개발까지,프로그래밍 - 프로그래밍 기초,['쉽게 설명해주셔서 좋아요']
310,스크래치3 프로그래밍 - 기초부터 게임 만들기까지!,무료,구름,https://edu.goorm.io/lecture/1478/스크래치3-프로그래밍-기초부터-게임-만들기까지,프로그래밍 - 블록 프로그래밍,[]
311,한 눈에 끝내는 파이썬3 기초,"₩99,000",구름,https://edu.goorm.io/lecture/3493/한-눈에-끝내는-파이썬3-기초,프로그래밍 - 프로그래밍 기초,[]
312,엔트리 기초부터 활용까지 정글코딩!,무료,정글코딩,https://edu.goorm.io/lecture/2164/엔트리-기초부터-활용까지-정글코딩,프로그래밍 - 블록 프로그래밍,[]
313,[PYCON2017 시리즈] 머신러닝을 위한 기초 수학 살펴보기,무료,MinJae Kwon,https://edu.goorm.io/lecture/1489/pycon2017-시리즈-머신러닝을-위한-기초-수학-살펴보기,프로그래밍 - 프로그래밍 교양,[]
314,[PYCON2017 시리즈] 파이썬에서 보다 정확한 숫자 계산하기,무료,leehosung,https://edu.goorm.io/lecture/1488/pycon2017-시리즈-파이썬에서-보다-정확한-숫자-계산하기,프로그래밍 - 프로그래밍 교양,['설명이 좋은 것 같아요']
315,[PYCON2017 시리즈] 처음부터 알아보는 웹 크롤러,무료,Lee Junbum,https://edu.goorm.io/lecture/1487/pycon2017-시리즈-처음부터-알아보는-웹-크롤러,프로그래밍 - 프로그래밍 교양,[]
316,실리콘밸리의 개발자,무료,구름,https://edu.goorm.io/lecture/1490/실리콘밸리의-개발자,프로그래밍 - 프로그래밍 교양,[]
317,김왼손의 미운코딩새끼: 4시간만에 끝내는 파이썬 기초,무료,김왼손의 왼손코딩,https://edu.goorm.io/lecture/1461/김왼손의-미운코딩새끼-4시간만에-끝내는-파이썬-기초,프로그래밍 - 프로그래밍 기초,[]
318,엔트리 프로그래밍 - 기초부터 게임 만들기까지!,무료,구름,https://edu.goorm.io/lecture/1361/엔트리-프로그래밍-기초부터-게임-만들기까지,프로그래밍 - 블록 프로그래밍,[]
319,실전 유형 코딩 테스트 모의고사 - 시즌3,"₩80,000",구름,https://edu.goorm.io/lecture/1271/실전-유형-코딩-테스트-모의고사-시즌3,프로그래밍 - 알고리즘,[]
320,실전 유형 코딩 테스트 모의고사 - 시즌2,"₩100,000",구름,https://edu.goorm.io/lecture/1239/실전-유형-코딩-테스트-모의고사-시즌2,프로그래밍 - 알고리즘,[]
321,실전 유형 코딩 테스트 모의고사 - 시즌4,"₩100,000",구름,https://edu.goorm.io/lecture/1193/실전-유형-코딩-테스트-모의고사-시즌4,프로그래밍 - 알고리즘,[]
322,야곰의 스위프트 프로그래밍,무료,야곰,https://edu.goorm.io/lecture/1141/야곰의-스위프트-프로그래밍,프로그래밍 - 프로그래밍 기초,[]
323,실전 유형 코딩 테스트 모의고사 - 시즌1,"₩100,000",구름,https://edu.goorm.io/lecture/970/실전-유형-코딩-테스트-모의고사-시즌1,프로그래밍 - 알고리즘,[]
324,[바로실습] 생활코딩 - 자바(JAVA),무료,생활코딩,https://edu.goorm.io/lecture/41/바로실습-생활코딩-자바-java,프로그래밍 - 프로그래밍 기초,[]
325,TODO 앱을 직접 만들면서 배우는 node.js / express / bootstrap / jquery,무료,구름,https://edu.goorm.io/lecture/332/todo-앱을-직접-만들면서-배우는-node-js-express-bootstrap-jquery,웹 프로그래밍 - 프로그래밍,[]
326,PYCON 2017 영코더,무료,구름,https://edu.goorm.io/lecture/787/pycon-2017-영코더,프로그래밍 - 프로그래밍 교양,[]
327,제1회 구름코드챌린지(GCC) 기출 문제,무료,구름,https://edu.goorm.io/lecture/790/제1회-구름코드챌린지-gcc-기출-문제,프로그래밍 - 프로그래밍 교양,[]
328,[바로실습] 생활코딩 - 파이썬(Python),무료,생활코딩,https://edu.goorm.io/lecture/44/바로실습-생활코딩-파이썬-python,프로그래밍 - 프로그래밍 기초,[]
329,한 눈에 끝내는 아두이노 기초,무료,구름,https://edu.goorm.io/lecture/203/한-눈에-끝내는-아두이노-기초,프로그래밍 - IoT,[]
330,10주 완성 알고리즘 코딩테스트,"₩200,000",코딩몬스터,https://edu.goorm.io/lecture/554/10주-완성-알고리즘-코딩테스트,프로그래밍 - 알고리즘,[]
331,한 눈에 끝내는 C언어 기초,무료,구름,https://edu.goorm.io/lecture/201/한-눈에-끝내는-c언어-기초,프로그래밍 - 프로그래밍 기초,[]
