﻿,제목,가격,강사,URL,카테고리,리뷰
0,실전! 웹사이트 제작 Step by Step - 호텔 라한 Application Course,"₩27,500",J.young,https://edu.goorm.io/lecture/26324/실전-웹사이트-제작-step-by-step-호텔-라한-application-course,웹 프로그래밍 - 프로그래밍,[]
1,딥러닝 네트워크의 연산,"₩39,000",Shin's Lab,https://edu.goorm.io/lecture/26039/딥러닝-네트워크의-연산,프로그래밍 - 인공지능,[]
2,데이터 시각화를 위한 파이썬,"₩39,000",Shin's Lab,https://edu.goorm.io/lecture/24603/데이터-시각화를-위한-파이썬,프로그래밍 - 데이터 추출/분석,[]
3,딥러닝을 위한 파이썬 레벨2,"₩39,000",Shin's Lab,https://edu.goorm.io/lecture/26038/딥러닝을-위한-파이썬-레벨2,프로그래밍 - 인공지능,[]
4,딥러닝을 위한 파이썬 레벨1,"₩35,100",Shin's Lab,https://edu.goorm.io/lecture/26037/딥러닝을-위한-파이썬-레벨1,프로그래밍 - 인공지능,[]
5,모의해킹 취업 준비하는데 알아두면 좋은 것,무료,보안프로젝트,https://edu.goorm.io/lecture/25879/모의해킹-취업-준비하는데-알아두면-좋은-것,프로그래밍 - 보안,[]
6,파이썬 개발자를 위한 go언어 기초,무료,행보칸코딩,https://edu.goorm.io/lecture/25552/파이썬-개발자를-위한-go언어-기초,프로그래밍 - 프로그래밍 기초,['go 언어는 처음 접해보는데 익숙한 파이썬과 비교해주시니 더욱 쉽게 이해할 수 있을 것 같아요!']
7,[하루 10분|Web Project] HTML/JS/CSS로 나만의 MBTI 사이트 만들기,무료,판다코딩,https://edu.goorm.io/lecture/25652/하루-10분-web-project-html-js-css로-나만의-mbti-사이트-만들기,웹 프로그래밍 - 프로그래밍,[]
8,React & TypeScript & GraphQL 로 버그없이 빠르게 개발하기!,"₩25,000",Alucard,https://edu.goorm.io/lecture/25571/react-typescript-graphql-로-버그없이-빠르게-개발하기,웹 프로그래밍 - 프로그래밍,[]
9,파이썬으로 구현하는 CF 알고리즘,"₩35,100",최욱진,https://edu.goorm.io/lecture/25544/파이썬으로-구현하는-cf-알고리즘,프로그래밍 - 인공지능,[]
10,[하루 10분|C++] 누구나 쉽게 배우는 C++ 프로그래밍 입문,무료,판다코딩,https://edu.goorm.io/lecture/25274/하루-10분-c-누구나-쉽게-배우는-c-프로그래밍-입문,프로그래밍 - 프로그래밍 기초,"['c++ 전체적인 부분을 이해할 수 있게 된것같아요. 물론 자세히 파고들면 더 배울 부분이 많겠지만 미리 맛만 보기에는 좋네요!! 다만 7, 8강 넘어가면서부터는 난이도가 너무 올라가서 이해하기 살짝 힘들지만 많이 보다 보면 익숙해질거라고 생각하고 들었어요!']"
11,[2021 개정] IT 웹 개발자 취준 백서,"₩10,000",컴공돌이,https://edu.goorm.io/lecture/25207/2021-개정-it-웹-개발자-취준-백서,프로그래밍 - 프로그래밍 교양,[]
12,"HAL, CubeMX, TrueSTUDIO를 이용한 STM32F4 따라하기 무료 강좌",무료,박원엽,https://edu.goorm.io/lecture/25454/hal-cubemx-truestudio를-이용한-stm32f4-따라하기-무료-강좌,프로그래밍 - IoT,[]
13,작정하고 django! 핀터레스트 만들기,"₩77,000",박형석,https://edu.goorm.io/lecture/25441/작정하고-django-핀터레스트-만들기,웹 프로그래밍 - 프로그래밍,['장고 강의 많이 없는데 간결하고 내용 너무 좋네요!']
14,CentOS 7 설치부터 웹서버 구축까지,무료,zzstudio-dev,https://edu.goorm.io/lecture/25119/centos-7-설치부터-웹서버-구축까지,웹 프로그래밍 - 프로그래밍,[]
15,문법책 졸업하자! 만들면서 복습하는 JavaScript,"₩49,000",강태공,https://edu.goorm.io/lecture/25046/문법책-졸업하자-만들면서-복습하는-javascript,웹 프로그래밍 - 프로그래밍,['너무 좋아요\n']
16,"파이썬 웹 스크래핑, 제가 가진 모든 비법을 알려드리겠습니다.",무료,나도코딩,https://edu.goorm.io/lecture/24961/파이썬-웹-스크래핑-제가-가진-모든-비법을-알려드리겠습니다,웹 프로그래밍 - 프로그래밍,['모든 강의가 흥미로웠고 파이썬에 대한 지식과 기술을 습득할 수 있었습니다.\n마지막 프로젝트 강의를 듣기 전에 혼자서 구현을 먼저 해보고\n강의를 들으며 제 코드와 비교를 해보았습니다.\n덕분에 파이썬 기술의 수준이 올라간 것 같습니다.\n정말 유익한 시간이었습니다.\n\n\n']
17,코딩 입문 - 하다 보니 알게 되는 자바스크립트,무료,월리,https://edu.goorm.io/lecture/24963/코딩-입문-하다-보니-알게-되는-자바스크립트,웹 프로그래밍 - 프로그래밍,[]
18,2021 온라인 코딩 파티 시즌1 - 블록 코딩 용사가 되자!!!,무료,구름,https://edu.goorm.io/lecture/24788/2021-온라인-코딩-파티-시즌1-블록-코딩-용사가-되자,프로그래밍 - 블록 프로그래밍,[]
19,2021 온라인 코딩 파티 시즌1 - 텍스트 코딩 용사가 되자!!!,무료,구름,https://edu.goorm.io/lecture/24789/2021-온라인-코딩-파티-시즌1-텍스트-코딩-용사가-되자,프로그래밍 - 프로그래밍 기초,[]
