﻿,제목,가격,강사,URL,카테고리,리뷰
0,2021 온라인 코딩 파티 시즌1 - 파이썬 데이터 분석 및 시각화!!!,무료,구름,https://edu.goorm.io/lecture/24790/2021-온라인-코딩-파티-시즌1-파이썬-데이터-분석-및-시각화,프로그래밍 - 데이터 추출/분석,[':))))']
1,"2021 온라인 코딩 파티 시즌1 - 둘이서 코딩, 거북선과 척후선!!!",무료,구름,https://edu.goorm.io/lecture/24791/2021-온라인-코딩-파티-시즌1-둘이서-코딩-거북선과-척후선,프로그래밍 - 블록 프로그래밍,['와우 너무 재밌어요\n']
2,2021 온라인 코딩 파티 시즌1 - 코딩랜드를 구하라!!!,무료,구름,https://edu.goorm.io/lecture/24792/2021-온라인-코딩-파티-시즌1-코딩랜드를-구하라,프로그래밍 - 블록 프로그래밍,['똥싸세요']
3,2021 온라인 코딩 파티 시즌1 - 도전 틱택토!!!,무료,구름,https://edu.goorm.io/lecture/24793/2021-온라인-코딩-파티-시즌1-도전-틱택토,프로그래밍 - 프로그래밍 기초,['ㅋㅋ 심심풀이로 들어봤는데 재밌네요.']
4,[애플 공식 교재] 스위프트 퍼즐 2 - AD free,"₩11,000",코더스하이,https://edu.goorm.io/lecture/24597/애플-공식-교재-스위프트-퍼즐-2-ad-free,프로그래밍 - 프로그래밍 기초,[]
5,[애플 공식 교재] 스위프트 퍼즐 1 - AD free,"₩11,000",코더스하이,https://edu.goorm.io/lecture/24579/애플-공식-교재-스위프트-퍼즐-1-ad-free,프로그래밍 - 프로그래밍 기초,[]
6,스프링부트 개념정리,무료,데어 프로그래밍,https://edu.goorm.io/lecture/24604/스프링부트-개념정리,웹 프로그래밍 - 프로그래밍,['개념잡기에 너무 좋습니다']
7,스프링부트 나만의 블로그 만들기,무료,데어 프로그래밍,https://edu.goorm.io/lecture/24605/스프링부트-나만의-블로그-만들기,웹 프로그래밍 - 프로그래밍,['설명이 너무 잘되어있어요\n']
8,스프링부트 시큐리티 특강,무료,데어 프로그래밍,https://edu.goorm.io/lecture/24606/스프링부트-시큐리티-특강,웹 프로그래밍 - 프로그래밍,[]
9,[따라하며 배우는 리액트&파이어베이스] 채팅 애플리케이션 만들기,"₩31,900",John Ahn,https://edu.goorm.io/lecture/24672/따라하며-배우는-리액트-파이어베이스-채팅-애플리케이션-만들기,웹 프로그래밍 - 프로그래밍,[]
10,실전! 웹사이트 제작 Step by Step Basic Course - 한국소비자원,"₩11,000",J.young,https://edu.goorm.io/lecture/24580/실전-웹사이트-제작-step-by-step-basic-course-한국소비자원,웹 프로그래밍 - 프로그래밍,[]
11,실전! 웹사이트 제작 Step by Step Basic Course - '돕다' 웹사이트,"₩22,000",J.young,https://edu.goorm.io/lecture/24581/실전-웹사이트-제작-step-by-step-basic-course-돕다-웹사이트,웹 프로그래밍 - 프로그래밍,[]
12,생산성 UP! R과 파이썬으로 하는 문서 자동화,무료,Issac Lee,https://edu.goorm.io/lecture/24475/생산성-up-r과-파이썬으로-하는-문서-자동화,프로그래밍 - 기타,[]
13,가위바위보 게임을 만들며 맛보는 파이썬3,무료,구름,https://edu.goorm.io/lecture/24499/가위바위보-게임을-만들며-맛보는-파이썬3,프로그래밍 - 프로그래밍 기초,['very good']
14,실전 유형 코딩 테스트 모의고사 3000 Part2,"₩50,000",구름,https://edu.goorm.io/lecture/24058/실전-유형-코딩-테스트-모의고사-3000-part2,프로그래밍 - 알고리즘,[]
15,SQL과 구글시트로 시작하는 데이터분석,"₩19,800",박범진,https://edu.goorm.io/lecture/24342/sql과-구글시트로-시작하는-데이터분석,프로그래밍 - 데이터 추출/분석,[]
16,실전 유형 코딩 테스트 모의고사 3000 Part1,"₩50,000",구름,https://edu.goorm.io/lecture/24057/실전-유형-코딩-테스트-모의고사-3000-part1,프로그래밍 - 알고리즘,[]
17,신입 개발자로 살아남기 Lv1. 나만의 기술 블로그로 관리하는 개발자 커리어,"₩39,000",원혜린,https://edu.goorm.io/lecture/23072/신입-개발자로-살아남기-lv1-나만의-기술-블로그로-관리하는-개발자-커리어,웹 프로그래밍 - 프로그래밍,['go']
18,리눅스 쉘 스크립트 마스터,"₩99,000",홍영기,https://edu.goorm.io/lecture/24102/리눅스-쉘-스크립트-마스터,프로그래밍 - 데브옵스,[]
19,[애플 공식 교재] iOS 앱 만들기 Part1,"₩38,500",코더스하이,https://edu.goorm.io/lecture/24101/애플-공식-교재-ios-앱-만들기-part1,프로그래밍 - 모바일 프로그래밍,[]
