﻿,제목,가격,강사,URL,카테고리,리뷰
0,HTML5 & CSS3 기초 문법 올인원,무료,개발자 이도해,https://edu.goorm.io/lecture/28488/html5-css3-기초-문법-올인원,웹 프로그래밍 - 프로그래밍,"['목소리도 차분하시고 조곤조곤 설명을 잘 해주셔서 즐겁게 공부하고 있어요 처음이라 용어들을 얼른 못 알아 듣고 있지만 복습으로 반복을 많이 많이 하다보면  언젠가는 저도 잘 할 수 있을 것 같아요 ', '초보자에게 듣기 쉽습니다!']"
1,컴퓨터 GUI 앱을 만들면서 tkinter 배우기,무료,행보칸코딩,https://edu.goorm.io/lecture/28428/컴퓨터-gui-앱을-만들면서-tkinter-배우기,프로그래밍 - 프로그래밍 기초,['wonderful']
2,[하루10분|Web-App] 생애최초 웹프레임워크 Ruby on Rails,무료,판다코딩,https://edu.goorm.io/lecture/28494/하루10분-web-app-생애최초-웹프레임워크-ruby-on-rails,웹 프로그래밍 - 프로그래밍,['짧고 굵은 강의입니다.']
3,실전!웹사이트제작 Step By Step! (Basic 강좌 : 쌩초보 코스),"₩10,000",J.young,https://edu.goorm.io/lecture/28099/실전-웹사이트제작-step-by-step-basic-강좌-쌩초보-코스,프로그래밍 - 프로그래밍 기초,[]
4,실전!웹사이트제작 Step By Step! (클론코딩 : 포메인사이트제작 - 풀페이지),"₩28,000",J.young,https://edu.goorm.io/lecture/28100/실전-웹사이트제작-step-by-step-클론코딩-포메인사이트제작-풀페이지,웹 프로그래밍 - 프로그래밍,[]
5,실전!웹사이트제작 Step By Step! (클론코딩 : crew a la Mode 사이트제작 - 반응형웹),"₩28,000",J.young,https://edu.goorm.io/lecture/28057/실전-웹사이트제작-step-by-step-클론코딩-crew-a-la-mode-사이트제작-반응형웹,웹 프로그래밍 - 프로그래밍,[]
6,퇴근후 텐서플로: Basic,무료,퇴근후딴짓,https://edu.goorm.io/lecture/28058/퇴근후-텐서플로-basic,프로그래밍 - 인공지능,"['Good', '입문에 최적화된 강좌입니다.!\n', '친절한 설명 👍 굳!!']"
7,입문자를 위한 CSS 기초 강의,무료,유노코딩,https://edu.goorm.io/lecture/27976/입문자를-위한-css-기초-강의,웹 프로그래밍 - 프로그래밍,"['너무 상세하고 친절하게 알려주셔서 좋아여 목소리도 너무좋으시네요 짱짱\n1', '너~~무 설명을 친절하게 해주시고 이해에 도움이 되도록 예시 자료와 직접 실습하는 것을 일일이 보여주시니까 너무너무 좋습니다', 'ㅇ', '새로운 경험입니다 ']"
8,입문자를 위한 HTML 기초 강의,무료,유노코딩,https://edu.goorm.io/lecture/27971/입문자를-위한-html-기초-강의,웹 프로그래밍 - 프로그래밍,"['너무 상세하고 친절하게 알려주셔서 좋아여 목소리도 너무좋으시네요 짱짱\n1', '너~~무 설명을 친절하게 해주시고 이해에 도움이 되도록 예시 자료와 직접 실습하는 것을 일일이 보여주시니까 너무너무 좋습니다', 'ㅇ', '새로운 경험입니다 ']"
9,Vuetify Admin Template 만들기 - 실전편,무료,짐코딩 GYM CODING,https://edu.goorm.io/lecture/27961/vuetify-admin-template-만들기-실전편,웹 프로그래밍 - 프로그래밍,[]
10,Vuetify Admin Template 만들기 - 기본편,무료,짐코딩 GYM CODING,https://edu.goorm.io/lecture/27955/vuetify-admin-template-만들기-기본편,웹 프로그래밍 - 프로그래밍,[]
11,[애플 공식 교재] iOS 앱 만들기 Part2,"₩38,500",코더스하이,https://edu.goorm.io/lecture/26757/애플-공식-교재-ios-앱-만들기-part2,프로그래밍 - 모바일 프로그래밍,"['rntrnt', ' ', '좋은 강의 감사합니다']"
12,Jupyter Notebook으로 시작하는 Python,무료,박범진,https://edu.goorm.io/lecture/26535/jupyter-notebook으로-시작하는-python,프로그래밍 - 프로그래밍 기초,"['학교 코딩동아리에서 파이선을 가르치려고 강좌를 찾고 있었는데 좋은게 있네요. 혹시 이걸 바탕으로 수업을 해도 될까요?', '주피터 자체를 처음 사용해보는데 진짜 주피터에 대해서 아무 것도 모르시는 분들 편히 들으세요.', '잘 수강합니다', '심플하게 핵심만 요약해주셔서 좋아요', '쉽게 잘 설명해 주셔서 큰 어려움 없이 잘 이해되고 있습니다.']"
13,[저자 직강] Do it! HTML/CSS/JS 웹 표준의 정석,무료,이지스퍼블리싱,https://edu.goorm.io/lecture/26571/저자-직강-do-it-html-css-js-웹-표준의-정석,웹 프로그래밍 - 프로그래밍,"['잠시 멀어졌던 웹 개발에 대한 발걸음을 다시 시작하게 만들었습니다. ', '이해하기 쉽게 자세히 설명해줘서 좋아요', '알아듣기 쉽게 친절하게 설명해주시네요^^', '초보자가 듣기 쉽게 설명해주시네요!', '알기 쉽게 설명해주셔서 감사합니다.']"
14,넘파이 마스터 클래스,"₩35,640",Shin's Lab,https://edu.goorm.io/lecture/26505/넘파이-마스터-클래스,프로그래밍 - 인공지능,[]
15,김버그의 UI 개발 부트캠프 - 경력같은 신입으로 레벨업,"₩50,000",김버그,https://edu.goorm.io/lecture/25681/김버그의-ui-개발-부트캠프-경력같은-신입으로-레벨업,웹 프로그래밍 - 프로그래밍,"['이해하기도 쉽고 따라하기도 좋아요. 강좌 짱', '너무 재미있고 품질좋은 프론트엔드 강의인것 같습니다! 실무에서 정말 이렇게 할것같아요', '사랑합니다,,, 김버그님,, 버그님께서는 제 인생을 구원하셨어요.  저만 듣고 싶으면서도 동네방네 소문내고 싶은 강의입니다.', '이렇게 체계적이고 꼼꼼하게 설명해주는 강의는 처음입니다. 말 그대로 부트캠프 같아요. 주변에 SASS 배우고 싶어하는 사람 있으면 무조건 첫 번째로 추천해 줄 강의입니다. 이 정도 퀄리티면 솔직히 강의료 훨씬 더 받으셔도 될 것 같아요. ', '시맨틱한 마크업이 뭔지 몰랐는데 그리드시스템도 그렇고 강의 중간중간 팁이 엄청 좋아요. 최종적으로 만들어지는 결과물도 이뻐서 조아요^^b']"
16,"가볍게 시작하는 C언어, 라이트 C",무료,범고래의 SW 공작소,https://edu.goorm.io/lecture/25515/가볍게-시작하는-c언어-라이트-c,프로그래밍 - 프로그래밍 기초,"['천천히 자세히 잘 알려주시고 친절히 설명해주셔서 좋아요!', '초보자가 따라하기 좋고 간단하게 설명해주셔서 좋습니다. 감사합니다.', '5강 째 듣고 있는데, 이렇게 초보자를 위해 무료로 강의를 열어주셔서 감사드립니다.\n교재도 딱 필요한 기본적인 내용만 컴팩트하게 들어있어 좋습니다. 강의 또한 예제 위주로 진행해 주셔서 이해가 잘 됩니다.\n앞으로도 잘 부탁드립니다!', '아직 초반이긴 하지만 기초도 잘 알려주고 좋습니다.\n근데 영상에서 조금씩 끊기는 일이 종종 있습니다.\n그래도 어려운 단어 사용해서 수업을 \n하는 것 보다는 괜찮습니다.', '쉽게 쉽게 설명해주십니다\n다만 말이 조금 느린 감이 없지않아 있어 강의 시청하실 때 \n1.5배속으로 들으시는 걸 추천드립니다...']"
17,빅데이터분석기사 필기 2021,"₩160,000",핵집,https://edu.goorm.io/lecture/26125/빅데이터분석기사-필기-2021,프로그래밍 - 데이터 추출/분석,[]
18,ESXi 가상 인프라 구축과 보안 솔루션을 활용한 이상징후 탐지 모니터링,"₩198,000",보안프로젝트,https://edu.goorm.io/lecture/26302/esxi-가상-인프라-구축과-보안-솔루션을-활용한-이상징후-탐지-모니터링,프로그래밍 - 보안,[]
19,누구나 블로그 개발 할 수 있다! React 기반 Gatsby로 기술 블로그 개발하기,무료,주현도,https://edu.goorm.io/lecture/25881/누구나-블로그-개발-할-수-있다-react-기반-gatsby로-기술-블로그-개발하기,웹 프로그래밍 - 프로그래밍,"['자세하게 설명이 되어있어서 잘 따라갈수 있습니다', 'Gatsby.js에 대한 자료가 그렇게 많지는 않은데 상세하게 가르쳐 주셔서 좋습니다', '좋아요\n', '굳']"
